Категория продукта,Подкатегория продукта,Продукт
Office Supplies,Storage & Organization,"SAFCO Commercial Wire Shelving, Black"
Furniture,Office Furnishings,Luxo Professional Combination Clamp-On Lamps
Office Supplies,Storage & Organization,"Tennsco Snap-Together Open Shelving Units, Starter Sets and Add-On Units"
Furniture,Chairs & Chairmats,Hon Olson Stacker Stools
Office Supplies,Storage & Organization,Tennsco Industrial Shelving
Office Supplies,Appliances,Hoover Portapowerв„ў Portable Vacuum
Office Supplies,Appliances,Honeywell EnviracaireВ® Portable Air Cleaner for up to 8 x 10 Room
Technology,Copiers and Fax,Canon PC-428 Personal Copier
Technology,Copiers and Fax,Sharp AL-1530CS Digital Copier
Furniture,Office Furnishings,"3M Polarizing Task Lamp with Clamp Arm, Light Gray"
Furniture,Office Furnishings,Westinghouse Clip-On Gooseneck Lamps
Furniture,Office Furnishings,Deflect-o DuraMat Antistatic Studded Beveled Mat for Medium Pile Carpeting
Furniture,Office Furnishings,Dana Halogen Swing-Arm Architect Lamp
Office Supplies,Storage & Organization,Space Solutions Commercial Steel Shelving
Technology,Office Machines,Polycom ViaVideoв„ў Desktop Video Communications Unit
Furniture,Tables,Hon 2111 Invitationв„ў Series Corner Table
Office Supplies,Appliances,Euro Pro Shark Stick Mini Vacuum
Technology,Copiers and Fax,Canon imageCLASS 2200 Advanced Copier
Furniture,Tables,"Lesro Sheffield Collection Coffee Table, End Table, Center Table, Corner Table"
Office Supplies,Storage & Organization,"Carina Mini System Audio Rack, Model AR050B"
Office Supplies,Storage & Organization,"Carina 42""Hx23 3/4""W Media Storage Unit"
Furniture,Chairs & Chairmats,SAFCO Arco Folding Chair
Furniture,Chairs & Chairmats,"Lifetime Advantageв„ў Folding Chairs, 4/Carton"
Furniture,Office Furnishings,Luxo Economy Swing Arm Lamp
Technology,Copiers and Fax,Canon PC1060 Personal Laser Copier
Furniture,Office Furnishings,Telescoping Adjustable Floor Lamp
Furniture,Tables,Hon 5100 Series Wood Tables
Technology,Copiers and Fax,Canon Image Class D660 Copier
Office Supplies,Appliances,HooverВ® Commercial Lightweight Upright Vacuum
Furniture,Office Furnishings,Dana Swing-Arm Lamps
Furniture,Tables,"Lesro Round Back Collection Coffee Table, End Table"
Office Supplies,Storage & Organization,Tennsco Commercial Shelving
Furniture,Tables,Laminate Occasional Tables
Office Supplies,Appliances,Honeywell Enviracaire Portable HEPA Air Cleaner for 17' x 22' Room
Office Supplies,Storage & Organization,Office Impressions Heavy Duty Welded Shelving & Multimedia Storage Drawers
Furniture,Office Furnishings,"Tensor ""Hersey Kiss"" Styled Floor Lamp"
Furniture,Office Furnishings,"Tenex 46"" x 60"" Computer Anti-Static Chairmat, Rectangular Shaped"
Furniture,Office Furnishings,"Tenex Contemporary Contur Chairmats for Low and Medium Pile Carpet, Computer, 39"" x 49"""
Furniture,Chairs & Chairmats,SAFCO Folding Chair Trolley
Office Supplies,Appliances,Holmes Harmony HEPA Air Purifier for 17 x 20 Room
Office Supplies,Appliances,Honeywell Quietcare HEPA Air Cleaner
Furniture,Office Furnishings,Eldon AdvantageВ® Chair Mats for Low to Medium Pile Carpets
Furniture,Office Furnishings,Eldon Cleatmat Plusв„ў Chair Mats for High Pile Carpets
Office Supplies,Appliances,Holmes Odor Grabber
Furniture,Office Furnishings,"Deflect-o EconoMat Studded, No Bevel Mat for Low Pile Carpeting"
Furniture,Office Furnishings,Deflect-o Glass Clear Studded Chair Mats
Office Supplies,Appliances,Holmes HEPA Air Purifier
Office Supplies,Appliances,3M Office Air Cleaner
Technology,Telephones and Communication,Bell Sonecor JB700 Caller ID
Furniture,Office Furnishings,"Deflect-o EconoMat Nonstudded, No Bevel Mat"
Technology,Office Machines,Sharp EL500L Fraction Calculator
Office Supplies,Storage & Organization,Eldon Portable Mobile Manager
Office Supplies,Storage & Organization,Eldon SimplefileВ® Box OfficeВ®
Technology,Office Machines,Canon MP41DH Printing Calculator
Technology,Office Machines,Canon P1-DHIII Palm Printing Calculator
Technology,Office Machines,TI 30X Scientific Calculator
Office Supplies,"Scissors, Rulers and Trimmers",High Speed Automatic Electric Letter Opener
Technology,Office Machines,Canon BP1200DH 12-Digit Bubble Jet Printing Calculator
Technology,Office Machines,Polycom ViewStationв„ў Adapter H323 Videoconferencing Unit
Technology,Telephones and Communication,"VTech VT20-2481 2,4GHz Two-Line Phone System w/Answering Machine"
Office Supplies,Appliances,Bionaire Personal Warm Mist Humidifier/Vaporizer
Furniture,Office Furnishings,Eldon CleatmatВ® Chair Mats for Medium Pile Carpets
Furniture,Office Furnishings,"Deflect-o RollaMat Studded, Beveled Mat for Medium Pile Carpeting"
Furniture,Office Furnishings,DAX Solid Wood Frames
Technology,Telephones and Communication,SouthWestern Bell FA970 Digital Answering Machine with Time/Day Stamp
Furniture,Office Furnishings,"Rubbermaid ClusterMat Chairmats, Mat Size- 66"" x 60"", Lip 20"" x 11"" -90 Degree Angle"
Furniture,Office Furnishings,Eldon ClusterMat Chair Mat with Cordless Antistatic Protection
Technology,Office Machines,TI 36X Solar Scientific Calculator
Technology,Office Machines,"Sharp EL501VB Scientific Calculator, Battery Operated, 10-Digit Display, Hard Case"
Technology,Telephones and Communication,"Panasonic All Digital Answering System with Caller ID*, KX-TM150B"
Technology,Telephones and Communication,1726 Digital Answering Machine
Technology,Office Machines,Polycom VoiceStation 100
Office Supplies,Appliances,"Holmes Replacement Filter for HEPA Air Cleaner, Medium Room"
Office Supplies,Labels,Avery 52
Office Supplies,Paper,Xerox 1881
Office Supplies,Paper,Xerox 213
Office Supplies,Storage & Organization,Crate-A-Filesв„ў
Office Supplies,Paper,Xerox 1936
Office Supplies,Binders and Binder Accessories,StaplesВ® General Use 3-Ring Binders
Office Supplies,Paper,Xerox 1904
Office Supplies,Paper,Xerox 1887
Technology,Computer Peripherals,Microsoft Natural Multimedia Keyboard
Office Supplies,Paper,Xerox 188
Technology,Telephones and Communication,T39m
Office Supplies,Storage & Organization,Recycled Eldon Regeneration Jumbo File
Office Supplies,Envelopes,"#10- 4 1/8"" x 9 1/2"" Security-Tint Envelopes"
Furniture,Office Furnishings,12-1/2 Diameter Round Wall Clock
Office Supplies,Envelopes,"Recycled Interoffice Envelopes with String and Button Closure, 10 x 13"
Office Supplies,Storage & Organization,Home/Office Personal File Carts
Office Supplies,Storage & Organization,Acco PermaВ® 2700 Stacking Storage Drawers
Office Supplies,Storage & Organization,"Tenex File Box, Personal Filing Tote with Lid, Black"
Office Supplies,Paper,"HP Office Paper (20Lb, and 87 Bright)"
Office Supplies,Storage & Organization,Portable Personal File Box
Technology,Computer Peripherals,PC Concepts 116 Key Quantum 3000 Keyboard
Office Supplies,Paper,Xerox 1882
Technology,Telephones and Communication,Accessory12
Office Supplies,Binders and Binder Accessories,"Avery Trapezoid Ring Binder, 3"" Capacity, Black, 1040 sheets"
Furniture,Office Furnishings,"LindenВ® 12"" Wall Clock With Oak Frame"
Office Supplies,Labels,Avery 492
Technology,Office Machines,"AT&T Black Trimline Phone, Model 210"
Office Supplies,Binders and Binder Accessories,"Wilson Jones 1"" Hanging DublLockВ® Ring Binders"
Office Supplies,Labels,Avery 493
Office Supplies,Storage & Organization,Fellowes Bankers Boxв„ў StaxonsteelВ® Drawer File/Stacking System
Office Supplies,Paper,Xerox 1885
Technology,Telephones and Communication,i1000
Office Supplies,Paper,Xerox 1985
Office Supplies,Paper,Xerox 1920
Technology,Computer Peripherals,Belkin ErgoBoardв„ў Keyboard
Technology,Telephones and Communication,8860
Technology,Telephones and Communication,252
Office Supplies,Binders and Binder Accessories,GBC DocuBind 200 Manual Binding Machine
Office Supplies,Paper,Xerox 220
Technology,Telephones and Communication,270c
Technology,Telephones and Communication,T28 WORLD
Technology,Telephones and Communication,CF 888
Office Supplies,Paper,Staples Premium Bright 1-Part Blank Computer Paper
Office Supplies,Appliances,Belkin 8 Outlet Surge Protector
Technology,Telephones and Communication,2160i
Office Supplies,Storage & Organization,Project Tote Personal File
Office Supplies,Storage & Organization,"Gould Plastics 9-Pocket Panel Bin, 18-3/8w x 5-1/4d x 20-1/2h, Black"
Office Supplies,Envelopes,Colored Envelopes
Office Supplies,Paper,Southworth 25% Cotton Antique Laid Paper & Envelopes
Technology,Telephones and Communication,5165
Furniture,Office Furnishings,"Eldon Expressions Punched Metal & Wood Desk Accessories, Pewter & Cherry"
Office Supplies,Storage & Organization,Fellowes Super Stor/DrawerВ® Files
Technology,Computer Peripherals,"Micro Innovations Micro 3000 Keyboard, Black"
Office Supplies,Appliances,Belkin 8 Outlet SurgeMaster II Gold Surge Protector
Furniture,Office Furnishings,DAX Clear Channel Poster Frame
Office Supplies,Paper,"HP Office Recycled Paper (20Lb, and 87 Bright)"
Office Supplies,Storage & Organization,Eldon Jumbo ProFileв„ў Portable File Boxes Graphite/Black
Technology,Computer Peripherals,Microsoft Internet Keyboard
Technology,Computer Peripherals,Adesso Programmable 142-Key Keyboard
Office Supplies,Appliances,Belkin F9M820V08 8 Outlet Surge
Office Supplies,Binders and Binder Accessories,GBC VeloBinder Strips
Technology,Telephones and Communication,MicroTAC 650
Technology,Telephones and Communication,StarTAC 7760
Office Supplies,Paper,Xerox 210
Technology,Telephones and Communication,i500plus
Technology,Computer Peripherals,Belkin MediaBoard 104- Keyboard
Office Supplies,Paper,Xerox 1947
Technology,Computer Peripherals,"Hayes Optima 56K V,90 Internal Voice Modem"
Office Supplies,Paper,Xerox 1893
Furniture,Office Furnishings,Staples Plastic Wall Frames
Office Supplies,Envelopes,Ames Color-FileВ® Green Diamond Border X-ray Mailers
Technology,Computer Peripherals,Nu-Form 106-Key Ergonomic Keyboard w/ Touchpad
Furniture,Office Furnishings,EldonВ® Wave Desk Accessories
Technology,Telephones and Communication,g520
Furniture,Office Furnishings,"Seth Thomas 12"" Clock w/ Goldtone Case"
Office Supplies,Storage & Organization,Fellowes Stor/DrawerВ® Steel Plusв„ў Storage Drawers
Office Supplies,Paper,Xerox 1894
Office Supplies,Paper,Xerox 1896
Technology,Telephones and Communication,2180
Office Supplies,Binders and Binder Accessories,Avery Hole Reinforcements
Technology,Computer Peripherals,Belkin 105-Key Black Keyboard
Office Supplies,Binders and Binder Accessories,Avery Non-Stick Binders
Technology,Telephones and Communication,5125
Technology,Computer Peripherals,"Fellowes Mobile Numeric Keypad, Graphite"
Technology,Computer Peripherals,Logitech Access Keyboard
Technology,Telephones and Communication,T65
Office Supplies,Binders and Binder Accessories,"Avery Trapezoid Extra Heavy Duty 4"" Binders"
Technology,Telephones and Communication,V 3600 Series
Technology,Computer Peripherals,"US Robotics 56K V,92 External Faxmodem"
Office Supplies,Paper,"Eaton Premium Continuous-Feed Paper, 25% Cotton, Letter Size, White, 1000 Shts/Box"
Furniture,Office Furnishings,"Deflect-o SuperTrayв„ў Unbreakable Stackable Tray, Letter, Black"
Office Supplies,Binders and Binder Accessories,Wilson Jones Impact Binders
Office Supplies,Binders and Binder Accessories,Surelockв„ў Post Binders
Technology,Computer Peripherals,Fellowes 17-key keypad for PS/2 interface
Office Supplies,Storage & Organization,Fellowes StaxonsteelВ® Drawer Files
Office Supplies,Labels,Avery 491
Technology,Telephones and Communication,KF 788
Office Supplies,Binders and Binder Accessories,"GBC Pre-Punched Binding Paper, Plastic, White, 8-1/2"" x 11"""
Furniture,Office Furnishings,"Howard Miller 13"" Diameter Goldtone Round Wall Clock"
Technology,Computer Peripherals,"Fellowes Internet Keyboard, Platinum"
Office Supplies,Appliances,Hoover WindTunnelв„ў Plus Canister Vacuum
Office Supplies,Binders and Binder Accessories,"GBC Laser Imprintable Binding System Covers, Desert Sand"
Office Supplies,Appliances,Belkin F5C206VTEL 6 Outlet Surge
Office Supplies,Paper,Computer Printout Paper with Letter-Trim Perforations
Office Supplies,Paper,Xerox 199
Office Supplies,Binders and Binder Accessories,"Fellowes Twister Kit, Gray/Clear, 3/pkg"
Office Supplies,Storage & Organization,Staples File Caddy
Office Supplies,Binders and Binder Accessories,"Avery Flip-Chart Easel Binder, Black"
Office Supplies,Binders and Binder Accessories,GBC Instant Indexв„ў System for Binding Systems
Office Supplies,Envelopes,Park Ridgeв„ў Embossed Executive Business Envelopes
Office Supplies,Paper,"Xerox 4200 Series MultiUse Premium Copy Paper (20Lb, and 84 Bright)"
Office Supplies,Storage & Organization,Filing/Storage Totes and Swivel Casters
Office Supplies,Binders and Binder Accessories,"Cardinal Slant-DВ® Ring Binder, Heavy Gauge Vinyl"
Office Supplies,Storage & Organization,"Tenex Personal Project File with Scoop Front Design, Black"
Office Supplies,Binders and Binder Accessories,"Angle-D Binders with Locking Rings, Label Holders"
Office Supplies,Paper,Xerox 217
Technology,Telephones and Communication,600 Series Flip
Office Supplies,Binders and Binder Accessories,"GBC Twin Loopв„ў Wire Binding Elements, 9/16"" Spine, Black"
Technology,Computer Peripherals,"Fellowes Basic 104-Key Keyboard, Platinum"
Office Supplies,Paper,Xerox 1924
Furniture,Office Furnishings,"Howard Miller 13-3/4"" Diameter Brushed Chrome Round Wall Clock"
Office Supplies,Storage & Organization,Recycled Steel Personal File for Standard File Folders
Office Supplies,Binders and Binder Accessories,GBC Standard Plastic Binding Systems Combs
Technology,Computer Peripherals,Micro Innovations 104 Keyboard
Office Supplies,Binders and Binder Accessories,Binder Posts
Furniture,Office Furnishings,"Howard Miller 16"" Diameter Gallery Wall Clock"
Office Supplies,Storage & Organization,"Dual Level, Single-Width Filing Carts"
Office Supplies,Paper,Xerox 194
Furniture,Office Furnishings,"EldonВ® Expressionsв„ў Wood Desk Accessories, Oak"
Office Supplies,Labels,Avery 485
Office Supplies,Binders and Binder Accessories,GBC Binding covers
Office Supplies,Binders and Binder Accessories,GBC Standard Therm-A-Bind Covers
Office Supplies,Paper,Xerox 1928
Office Supplies,Paper,Xerox 1939
Office Supplies,Paper,Xerox 1978
Office Supplies,Envelopes,Wausau Papers AstrobrightsВ® Colored Envelopes
Office Supplies,Binders and Binder Accessories,Self-Adhesive Ring Binder Labels
Furniture,Office Furnishings,9-3/4 Diameter Round Wall Clock
Office Supplies,Paper,Xerox 1941
Office Supplies,Binders and Binder Accessories,Durable Pressboard Binders
Office Supplies,Binders and Binder Accessories,ACCOHIDEВ® Binder by Acco
Furniture,Office Furnishings,Eldon Executive Woodline II Cherry Finish Desk Accessories
Technology,Computer Peripherals,Logitech Cordless Navigator Duo
Office Supplies,Storage & Organization,Hanging Personal Folder File
Technology,Telephones and Communication,3285
Office Supplies,Appliances,Kensington 7 Outlet MasterPieceВ® HOMEOFFICE Power Control Center
Furniture,Office Furnishings,"Seth Thomas 13 1/2"" Wall Clock"
Office Supplies,Binders and Binder Accessories,3M Organizer Strips
Office Supplies,Binders and Binder Accessories,Economy Binders
Office Supplies,Storage & Organization,X-Rackв„ў File for Hanging Folders
Office Supplies,Binders and Binder Accessories,Avery Durable Binders
Office Supplies,Labels,Avery 487
Office Supplies,Binders and Binder Accessories,"Acco Pressboard Covers with Storage Hooks, 14 7/8"" x 11"", Dark Blue"
Furniture,Office Furnishings,Hand-Finished Solid Wood Document Frame
Office Supplies,Envelopes,Staples Brown Kraft Recycled Clasp Envelopes
Office Supplies,Appliances,Kensington 6 Outlet Guardian Standard Surge Protector
Office Supplies,Envelopes,"#10 White Business Envelopes,4 1/8 x 9 1/2"
Technology,Computer Peripherals,Microsoft Natural Keyboard Elite
Technology,Telephones and Communication,6162i
Furniture,Office Furnishings,Eldon Image Series Black Desk Accessories
Office Supplies,Labels,Avery 498
Office Supplies,Appliances,Staples 6 Outlet Surge
Office Supplies,Paper,Xerox 1903
Office Supplies,Paper,"Staples Copy Paper (20Lb, and 84 Bright)"
Office Supplies,Appliances,Eureka Disposable Bags for SanitaireВ® Vibra Groomer IВ® Upright Vac
Office Supplies,Binders and Binder Accessories,Recycled Premium Regency Composition Covers
Technology,Telephones and Communication,StarTAC 6500
Office Supplies,Binders and Binder Accessories,Tuff Stuffв„ў Recycled Round Ring Binders
Office Supplies,Paper,Xerox 1994
Office Supplies,Paper,Xerox 1993
Office Supplies,Binders and Binder Accessories,GBC DocuBind P100 Manual Binding Machine
Office Supplies,Paper,Xerox Blank Computer Paper
Office Supplies,Appliances,Belkin 6 Outlet Metallic Surge Strip
Office Supplies,Appliances,Belkin Premiere Surge Master II 8-outlet surge protector
Office Supplies,Binders and Binder Accessories,Wilson Jones вЂњSnapвЂќ Scratch Pad Binder Tool for Ring Binders
Office Supplies,Labels,Avery 510
Office Supplies,Paper,Xerox 193
Office Supplies,Paper,Xerox 1892
Office Supplies,Paper,Xerox 1910
Office Supplies,Labels,Avery 506
Office Supplies,Envelopes,Jet-Pak Recycled Peel 'N' Seal Padded Mailers
Office Supplies,Labels,Avery 478
Office Supplies,Binders and Binder Accessories,Cardinal Poly Pocket Divider Pockets for Ring Binders
Technology,Telephones and Communication,Accessory35
Office Supplies,Paper,Xerox 214
Office Supplies,Paper,Xerox 212
Office Supplies,Binders and Binder Accessories,Binding Machine Supplies
Technology,Telephones and Communication,8290
Office Supplies,Binders and Binder Accessories,GBC Linen Binding Covers
Technology,Telephones and Communication,8890
Technology,Computer Peripherals,Micro Innovations Media Access Pro Keyboard
Office Supplies,Labels,Avery 507
Office Supplies,Envelopes,"Blue String-Tie & Button Interoffice Envelopes, 10 x 13"
Office Supplies,Binders and Binder Accessories,Avery Printable Repositionable Plastic Tabs
Technology,Telephones and Communication,6120
Office Supplies,Binders and Binder Accessories,Avery Binding System Hidden Tabв„ў Executive Style Index Sets
Office Supplies,Binders and Binder Accessories,XtraLifeВ® ClearVueв„ў Slant-DВ® Ring Binders by Cardinal
Technology,Telephones and Communication,R380
Office Supplies,Storage & Organization,"SAFCO Mobile Desk Side File, Wire Frame"
Technology,Telephones and Communication,LX 788
Office Supplies,Labels,Self-Adhesive Address Labels for Typewriters by Universal
Office Supplies,Binders and Binder Accessories,Avery Binder Labels
Office Supplies,Paper,"IBM Multi-Purpose Copy Paper, 8 1/2 x 11"", Case"
Technology,Telephones and Communication,6160
Office Supplies,Labels,Avery 49
Furniture,Office Furnishings,"Eldon Expressionsв„ў Desk Accessory, Wood Pencil Holder, Oak"
Office Supplies,Binders and Binder Accessories,Avery Arch Ring Binders
Office Supplies,Appliances,APC 7 Outlet Network SurgeArrest Surge Protector
Office Supplies,Paper,Xerox 1966
Office Supplies,Appliances,"Acco Smartsocketв„ў Table Surge Protector, 6 Color-Coded Adapter Outlets"
Office Supplies,Binders and Binder Accessories,Satellite Sectional Post Binders
Office Supplies,Binders and Binder Accessories,Fellowes Black Plastic Comb Bindings
Office Supplies,Paper,Xerox 224
Office Supplies,Storage & Organization,"Multi-Use Personal File Cart and Caster Set, Three Stacking Bins"
Office Supplies,Paper,Xerox 20
Office Supplies,Paper,Xerox 1971
Technology,Telephones and Communication,StarTAC ST7762
Office Supplies,Paper,Xerox 1930
Office Supplies,Labels,Avery 474
Technology,Telephones and Communication,i470
Technology,Telephones and Communication,300 Series Non-Flip
Office Supplies,Binders and Binder Accessories,GBC DocuBind TL200 Manual Binding Machine
Office Supplies,Paper,Xerox 1940
Office Supplies,Paper,Xerox 1897
Office Supplies,Binders and Binder Accessories,Heavy-Duty E-Z-DВ® Binders
Office Supplies,Paper,"Hammermill CopyPlus Copy Paper (20Lb, and 84 Bright)"
Office Supplies,Storage & Organization,Deluxe Rollaway Locking File with Drawer
Office Supplies,Binders and Binder Accessories,Lock-Up Easel 'Spel-Binder'
Office Supplies,Appliances,Kensington 7 Outlet MasterPiece Power Center
Office Supplies,Storage & Organization,PizazzВ® Global Quick Fileв„ў
Office Supplies,Labels,Avery 494
Technology,Telephones and Communication,R280
Technology,Computer Peripherals,"U,S, Robotics 56K Internet Call Modem"
Office Supplies,Binders and Binder Accessories,Fellowes PB500 Electric Punch Plastic Comb Binding Machine with Manual Bind
Office Supplies,Binders and Binder Accessories,Poly Designer Cover & Back
Technology,Telephones and Communication,3390
Office Supplies,Binders and Binder Accessories,Ibico Covers for Plastic or Wire Binding Elements
Office Supplies,Appliances,Fellowes Command Center 5-outlet power strip
Office Supplies,Binders and Binder Accessories,"GBC Prepunched Paper, 19-Hole, for Binding Systems, 24-lb"
Office Supplies,Binders and Binder Accessories,"DXLв„ў Angle-View Binders with Locking Rings, Black"
Technology,Telephones and Communication,8260
Office Supplies,Binders and Binder Accessories,NewellВ® 3-Hole Punched Plastic Slotted Magazine Holders for Binders
Office Supplies,Envelopes,Laser & Ink Jet Business Envelopes
Office Supplies,Labels,Avery 51
Office Supplies,Binders and Binder Accessories,Avery Poly Binder Pockets
Furniture,Office Furnishings,Eldon Wave Desk Accessories
Office Supplies,Labels,"Dot Matrix Printer Tape Reel Labels, White, 5000/Box"
Office Supplies,Binders and Binder Accessories,Premium Transparent Presentation Covers by GBC
Office Supplies,Envelopes,Brown Kraft Recycled Envelopes
Technology,Telephones and Communication,A1228
Technology,Telephones and Communication,T18
Technology,Computer Peripherals,"Fellowes Smart Design 104-Key Enhanced Keyboard, PS/2 Adapter, Platinum"
Office Supplies,Binders and Binder Accessories,Peel & Stick Add-On Corner Pockets
Office Supplies,Appliances,Eureka The BossВ® Cordless Rechargeable Stick Vac
Office Supplies,Paper,Xerox 1905
Office Supplies,Appliances,"Conquestв„ў 14 Commercial Heavy-Duty Upright Vacuum, Collection System, Accessory Kit"
Office Supplies,Labels,Avery 497
Office Supplies,Envelopes,"Manila Recycled Extra-Heavyweight Clasp Envelopes, 6"" x 9"""
Technology,Computer Peripherals,Keytronic Designer 104- Key Black Keyboard
Technology,Telephones and Communication,LX 677
Office Supplies,Binders and Binder Accessories,Acco Suede Grain Vinyl Round Ring Binder
Office Supplies,Envelopes,"Staples #10 Laser & Inkjet Envelopes, 4 1/8"" x 9 1/2"", 100/Box"
Technology,Computer Peripherals,"Micro Innovations Micro Digital Wireless Keyboard and Mouse, Gray"
Technology,Computer Peripherals,"Zoom V,92 V,44 PCI Internal Controllerless FaxModem"
Technology,Computer Peripherals,"Zoom V,92 USB External Faxmodem"
Office Supplies,Binders and Binder Accessories,"Wilson Jones Ledger-Size, Piano-Hinge Binder, 2"", Blue"
Furniture,Office Furnishings,"EldonВ® 200 Classв„ў Desk Accessories, Burgundy"
Technology,Telephones and Communication,688
Office Supplies,Binders and Binder Accessories,Ibico EB-19 Dual Function Manual Binding System
Office Supplies,Paper,Southworth 25% Cotton Premium Laser Paper and Envelopes
Technology,Telephones and Communication,Timeport L7089
Office Supplies,Appliances,"Fellowes Smart Surge Ten-Outlet Protector, Platinum"
Office Supplies,Binders and Binder Accessories,"Pressboard Covers with Storage Hooks, 9 1/2"" x 11"", Light Blue"
Office Supplies,Labels,*Staples* Packaging Labels
Office Supplies,Binders and Binder Accessories,Avery Legal 4-Ring Binder
Office Supplies,Paper,Xerox 1953
Office Supplies,Envelopes,Staples Standard Envelopes
Office Supplies,Binders and Binder Accessories,GBC Imprintable Covers
Office Supplies,Paper,"ArrayВ® Parchment Paper, Assorted Colors"
Office Supplies,Binders and Binder Accessories,Avery Durable Poly Binders
Office Supplies,Envelopes,"#10-4 1/8"" x 9 1/2"" Premium Diagonal Seam Envelopes"
Office Supplies,Storage & Organization,"24 Capacity Maxi Data Binder Racks, Pearl"
Office Supplies,Paper,Xerox 1898
Office Supplies,Appliances,"Holmes Replacement Filter for HEPA Air Cleaner, Large Room"
Office Supplies,Storage & Organization,"Fellowes Strictly BusinessВ® Drawer File, Letter/Legal Size"
Office Supplies,Appliances,"Eureka Sanitaire В® Multi-Pro Heavy-Duty Upright, Disposable Bags"
Office Supplies,Binders and Binder Accessories,Cardinal Holdit Business Card Pockets
Technology,Telephones and Communication,T193
Office Supplies,Paper,"Hammermill Color Copier Paper (28Lb, and 96 Bright)"
Technology,Telephones and Communication,CF 688
Office Supplies,Storage & Organization,Acco PermaВ® 3000 Stacking Storage Drawers
Office Supplies,Labels,Avery 479
Office Supplies,Binders and Binder Accessories,Wilson JonesВ® Four-Pocket Poly Binders
Office Supplies,Paper,Xerox 1983
Technology,Telephones and Communication,6190
Office Supplies,Binders and Binder Accessories,Wilson Jones DublLockВ® D-Ring Binders
Office Supplies,Binders and Binder Accessories,"Wilson Jones Hanging View Binder, White, 1"""
Office Supplies,Binders and Binder Accessories,Ibico Recycled Linen-Style Covers
Office Supplies,Appliances,Fellowes 8 Outlet Superior Workstation Surge Protector
Office Supplies,Envelopes,"Tyvek Interoffice Envelopes, 9 1/2"" x 12 1/2"", 100/Box"
Office Supplies,Binders and Binder Accessories,"Premier Elliptical Ring Binder, Black"
Office Supplies,Labels,Avery 520
Office Supplies,Paper,Xerox 226
Furniture,Office Furnishings,"Howard Miller 11-1/2"" Diameter Ridgewood Wall Clock"
Office Supplies,Envelopes,#10 Self-Seal White Envelopes
Office Supplies,Envelopes,"Tyvek В® Top-Opening Peel & Seel Envelopes, Plain White"
Technology,Computer Peripherals,Keytronic 105-Key Spanish Keyboard
Technology,Computer Peripherals,Motorola SB4200 Cable Modem
Office Supplies,Paper,Xerox 1891
Office Supplies,Storage & Organization,Fellowes Recycled Storage Drawers
Office Supplies,Appliances,"Eureka Hand Vacuum, Bagless"
Office Supplies,Envelopes,Airmail Envelopes
Technology,Telephones and Communication,Accessory27
Office Supplies,Paper,Xerox 1962
Office Supplies,Paper,Xerox 227
Office Supplies,Paper,Personal Creationsв„ў Ink Jet Cards and Labels
Office Supplies,Paper,Xerox 1923
Technology,Telephones and Communication,I888 World Phone
Office Supplies,Paper,Xerox 1997
Office Supplies,Binders and Binder Accessories,GBC DocuBind TL300 Electric Binding System
Office Supplies,Binders and Binder Accessories,Storex DuraTech Recycled Plastic Frosted Binders
Office Supplies,Paper,Xerox 1950
Office Supplies,Binders and Binder Accessories,GBC ProClickв„ў 150 Presentation Binding System
Office Supplies,Storage & Organization,Letter Size Cart
Furniture,Office Furnishings,"Career Cubicle Clock, 8 1/4"", Black"
Technology,Telephones and Communication,V8162
Office Supplies,Binders and Binder Accessories,Flexible Leather- Look Classic Collection Ring Binder
Technology,Telephones and Communication,6340
Office Supplies,Binders and Binder Accessories,Presstex Flexible Ring Binders
Technology,Telephones and Communication,5190
Office Supplies,Appliances,Acco 6 Outlet Guardian Premium Surge Suppressor
Office Supplies,Labels,Avery 481
Office Supplies,Paper,Southworth 25% Cotton Linen-Finish Paper & Envelopes
Office Supplies,Paper,Xerox 1979
Office Supplies,Paper,Xerox 196
Office Supplies,Binders and Binder Accessories,Vinyl Sectional Post Binders
Office Supplies,Binders and Binder Accessories,Round Ring Binders
Office Supplies,Paper,Xerox 1989
Office Supplies,Labels,Avery 496
Office Supplies,Labels,Avery 514
Technology,Telephones and Communication,V8160
Office Supplies,Paper,Xerox 1907
Furniture,Office Furnishings,"EldonВ® Image Series Desk Accessories, Burgundy"
Office Supplies,Paper,"Eureka Recycled Copy Paper 8 1/2"" x 11"", Ream"
Office Supplies,Paper,Xerox 1927
Technology,Telephones and Communication,StarTAC Series
Technology,Telephones and Communication,StarTAC 8000
Office Supplies,Appliances,"Hoover Replacement Belts For Soft Guardв„ў & Commercial Ltweight Upright Vacs, 2/Pk"
Office Supplies,Storage & Organization,"SimpliFileв„ў Personal File, Black Granite, 15w x 6-15/16d x 11-1/4h"
Office Supplies,Paper,Xerox 1906
Office Supplies,Pens & Art Supplies,Model L Table or Wall-Mount Pencil Sharpener
Office Supplies,Paper,Staples Colored Bar Computer Paper
Office Supplies,Envelopes,Multimedia Mailers
Technology,Telephones and Communication,StarTAC Analog
Technology,Computer Peripherals,Logitech Internet Navigator Keyboard
Office Supplies,Envelopes,Staples #10 Colored Envelopes
Office Supplies,Envelopes,"#10- 4 1/8"" x 9 1/2"" Recycled Envelopes"
Office Supplies,Envelopes,"Peel & SeelВ® Recycled Catalog Envelopes, Brown"
Office Supplies,Appliances,Kensington 7 Outlet MasterPiece Power Center with Fax/Phone Line Protection
Office Supplies,Binders and Binder Accessories,"Acco Four Pocket Poly Ring Binder with Label Holder, Smoke, 1"""
Office Supplies,Paper,"1/4 Fold Party Design Invitations & White Envelopes, 24 8-1/2"" X 11"" Cards, 25 Env,/Pack"
Technology,Computer Peripherals,Gyration Ultra Cordless Optical Suite
Technology,Computer Peripherals,Targus USB Numeric Keypad
Office Supplies,Appliances,Belkin 5 Outlet SurgeMasterв„ў Power Centers
Technology,Telephones and Communication,M70
Technology,Computer Peripherals,Fellowes EZ Multi-Media Keyboard
Office Supplies,Paper,Xerox 1922
Technology,Telephones and Communication,Talkabout T8097
Office Supplies,Binders and Binder Accessories,Fellowes PB300 Plastic Comb Binding Machine
Office Supplies,Paper,Xerox 1934
Office Supplies,Binders and Binder Accessories,GBC Therma-A-Bind 250T Electric Binding System
Office Supplies,Binders and Binder Accessories,Wilson Jones 14 Line Acrylic Coated Pressboard Data Binders